Workbook

Sheet Raw_Data
A1: Rank | B1: Company | C1: NSE_Symbol | D1: Industry | E1: ESG_Grade | F1: ESG_Score_Numeric | G1: Market_Cap_Cr | H1: ROE_3Y_% | I1: PE_Ratio | J1: Promoter_Holding_% | K1: FII_Holding_% | L1: Stock_CAGR_1Y_% | M1: Stock_CAGR_3Y_% | N1: Stock_CAGR_5Y_% | O1: Stock_CAGR_10Y_% | P1: Data_Status | Q1: Screener_URL | R1: ESG_Group | T1: Median ESG Score (cutoff)
A2: 1 | B2: Cipla Ltd. | C2: CIPLA | D2: Pharma | E2: A+ | F2: 81 | G2: 108906 | H2: 15.6 | I2: 28.4 | J2: 33.4 | K2: 25.8 | L2: 24 | M2: 18 | N2: 16 | O2: 12 | P2: VERIFIED REAL DATA from screener.in | Q2: https://www.screener.in/company/CIPLA/consolidated/ | R2: =IF(F2>=$T$2,"High ESG","Low ESG") -> High ESG | T2: =MEDIAN(F2:F101) -> 63
A3: 2 | B3: Wipro Ltd. | C3: WIPRO | D3: IT | E3: A+ | F3: 79 | G3: 193728 | H3: 18.2 | I3: 21.4 | J3: 72.9 | K3: 6.5 | L3: -12 | M3: -4 | N3: 5 | O3: 6 | P3: VERIFIED REAL DATA from screener.in | Q3: https://www.screener.in/company/WIPRO/consolidated/ | R3: =IF(F3>=$T$2,"High ESG","Low ESG") -> High ESG
A4: 3 | B4: Hindustan Unilever Ltd. | C4: HINDUNILVR | D4: Consumer Goods | E4: A+ | F4: 78 | G4: 542996 | H4: 23.91 | I4: 33.83 | J4: 61.9 | K4: 14.2 | L4: -8 | M4: 2 | N4: 5 | O4: 15 | P4: VERIFIED REAL DATA from screener.in | Q4: https://www.screener.in/company/HINDUNILVR/consolidated/ | R4: =IF(F4>=$T$2,"High ESG","Low ESG") -> High ESG
A5: 4 | B5: Infosys Ltd. | C5: INFY | D5: IT | E5: A+ | F5: 78 | G5: 469871 | H5: 30.82 | I5: 15.56 | J5: 14.85 | K5: 33.12 | L5: -16 | M5: 0 | N5: -1 | O5: 7 | P5: VERIFIED REAL DATA from screener.in | Q5: https://www.screener.in/company/INFY/consolidated/ | R5: =IF(F5>=$T$2,"High ESG","Low ESG") -> High ESG
A6: 5 | B6: Tata Consultancy Services Ltd. | C6: TCS | D6: IT | E6: A+ | F6: 77 | G6: 804156 | H6: 46.3 | I6: 28.5 | J6: 72.4 | K6: 12.5 | L6: 6 | M6: 11 | N6: 14 | O6: 15 | P6: VERIFIED REAL DATA from screener.in | Q6: https://www.screener.in/company/TCS/consolidated/ | R6: =IF(F6>=$T$2,"High ESG","Low ESG") -> High ESG
A7: 6 | B7: Mahindra & Mahindra Ltd. | C7: M&M | D7: Automobile | E7: A+ | F7: 76 | G7: 388199 | H7: 16.5 | I7: 28.5 | J7: 18.23 | K7: 40.5 | L7: 45 | M7: 35 | N7: 22 | O7: 12 | P7: VERIFIED REAL DATA from screener.in | Q7: https://www.screener.in/company/M&M/consolidated/ | R7: =IF(F7>=$T$2,"High ESG","Low ESG") -> High ESG
A8: 7 | B8: Tech Mahindra Ltd. | C8: TECHM | D8: IT | E8: A+ | F8: 75 | G8: 142893 | H8: 14.2 | I8: 32.1 | J8: 35.1 | K8: 26.3 | L8: 10 | M8: 8 | N8: 11 | O8: 9 | P8: VERIFIED REAL DATA from screener.in | Q8: https://www.screener.in/company/TECHM/consolidated/ | R8: =IF(F8>=$T$2,"High ESG","Low ESG") -> High ESG
A9: 8 | B9: HCL Technologies Ltd. | C9: HCLTECH | D9: IT | E9: A | F9: 74 | G9: 316440 | H9: 22.4 | I9: 18.5 | J9: 60.8 | K9: 18.9 | L9: 8 | M9: 9 | N9: 12 | O9: 16 | P9: VERIFIED REAL DATA from screener.in | Q9: https://www.screener.in/company/HCLTECH/consolidated/ | R9: =IF(F9>=$T$2,"High ESG","Low ESG") -> High ESG
A10: 9 | B10: ITC Ltd. | C10: ITC | D10: Consumer Goods | E10: A | F10: 73 | G10: 364294 | H10: 29.1 | I10: 24.8 | J10: 0 | K10: 43.1 | L10: 12 | M10: 28 | N10: 11 | O10: 8 | P10: VERIFIED REAL DATA from screener.in | Q10: https://www.screener.in/company/ITC/consolidated/ | R10: =IF(F10>=$T$2,"High ESG","Low ESG") -> High ESG
A11: 10 | B11: Tata Steel Ltd. | C11: TATASTEEL | D11: Metals & Mining | E11: A | F11: 72 | G11: 248422 | H11: 11.5 | I11: 14.5 | J11: 33.9 | K11: 20.1 | L11: 10 | M11: 12 | N11: 18 | O11: 8 | P11: VERIFIED REAL DATA from screener.in | Q11: https://www.screener.in/company/TATASTEEL/consolidated/ | R11: =IF(F11>=$T$2,"High ESG","Low ESG") -> High ESG
A12: 11 | B12: Larsen & Toubro Infotech Ltd. | C12: LTI | D12: IT | E12: A | F12: 72 | G12: 133381 | H12: 26.4 | I12: 34.2 | J12: 68.6 | K12: 13.1 | L12: -2 | M12: 15 | N12: 18 | O12: 22 | P12: VERIFIED REAL DATA from screener.in | Q12: https://www.screener.in/company/LTIM/consolidated/ | R12: =IF(F12>=$T$2,"High ESG","Low ESG") -> High ESG
A13: 12 | B13: Tata Consumer Products Ltd | C13: TATACONSUM | D13: Consumer Goods | E13: A | F13: 72 | G13: 111197 | H13: 8.5 | I13: 68 | J13: 33.5 | K13: 25.3 | L13: 18 | M13: 12 | N13: 24 | O13: 18 | P13: VERIFIED REAL DATA from screener.in | Q13: https://www.screener.in/company/TATACONSUM/consolidated/ | R13: =IF(F13>=$T$2,"High ESG","Low ESG") -> High ESG
A14: 13 | B14: Tata Motors Ltd. | C14: TATAMOTORS | D14: Automobile | E14: A | F14: 71 | G14: 144830 | H14: 12.4 | I14: 16.5 | J14: 46.4 | K14: 18.2 | L14: 75 | M14: 45 | N14: 28 | O14: 14 | P14: VERIFIED REAL DATA from screener.in | Q14: https://www.screener.in/company/TMPV/consolidated/ | R14: =IF(F14>=$T$2,"High ESG","Low ESG") -> High ESG
... A101: 100 | B101: Rajesh Exports Ltd | C101: RAJESHEXPO | D101: Consumer Goods | E101: C+ | F101: 42 | G101: 4747 | H101: 6.5 | I101: 11.4 | J101: 54.1 | K101: 15.2 | L101: -45 | M101: -25 | N101: -18 | O101: -4 | P101: VERIFIED REAL DATA from screener.in | Q101: https://www.screener.in/company/RAJESHEXPO/consolidated/ | R101: =IF(F101>=$T$2,"High ESG","Low ESG") -> Low ESG

Sheet Summary
A1: ESG Score vs Stock Return — High vs Low ESG Comparison
A2: Return proxy: Stock_CAGR_5Y_% (best available column for a ~2020–2025 holding period). Groups split at the sample median ESG score.
A4: Median ESG Score (cutoff) | B4: =Raw_Data!T2 -> 63
A6: Group | B6: Companies | C6: Avg ESG Score | D6: Avg 1Y CAGR (%) | E6: Avg 3Y CAGR (%) | F6: Avg 5Y CAGR (%) [primary] | G6: Avg 10Y CAGR (%)
A7: High ESG | B7: =COUNTIF(Raw_Data!$R$2:$R$101,"High ESG") -> 51 | C7: =AVERAGEIF(Raw_Data!$R$2:$R$101,"High ESG",Raw_Data!$F$2:$F$101) -> 68.294118 | D7: =AVERAGEIF(Raw_Data!$R$2:$R$101,"High ESG",Raw_Data!$L$2:$L$101) -> 13.941176 | E7: =AVERAGEIF(Raw_Data!$R$2:$R$101,"High ESG",Raw_Data!$M$2:$M$101) -> 12.627451 | F7: =AVERAGEIF(Raw_Data!$R$2:$R$101,"High ESG",Raw_Data!$N$2:$N$101) -> 13.803922 | G7: =AVERAGEIF(Raw_Data!$R$2:$R$101,"High ESG",Raw_Data!$O$2:$O$101) -> 13.686275
A8: Low ESG | B8: =COUNTIF(Raw_Data!$R$2:$R$101,"Low ESG") -> 49 | C8: =AVERAGEIF(Raw_Data!$R$2:$R$101,"Low ESG",Raw_Data!$F$2:$F$101) -> 56.326531 | D8: =AVERAGEIF(Raw_Data!$R$2:$R$101,"Low ESG",Raw_Data!$L$2:$L$101) -> 12.632653 | E8: =AVERAGEIF(Raw_Data!$R$2:$R$101,"Low ESG",Raw_Data!$M$2:$M$101) -> 9.3877551 | F8: =AVERAGEIF(Raw_Data!$R$2:$R$101,"Low ESG",Raw_Data!$N$2:$N$101) -> 10.938776 | G8: =AVERAGEIF(Raw_Data!$R$2:$R$101,"Low ESG",Raw_Data!$O$2:$O$101) -> 13.367347
A10: Difference (High − Low), 5Y CAGR | B10: =F7-F8 -> 2.8651461
A12: Verdict | B12: =IF(F7>F8,"High-ESG companies outperformed on average (5Y CAGR)","Low-ESG companies outperformed on average (5Y CAGR)") -> High-ESG companies outperformed on average (5Y CAGR)
A14: Same pattern across all timeframes? | B14: =IF(AND(F7>F8,D7>D8,E7>E8,G7>G8),"Yes — High ESG leads on 1Y, 3Y, 5Y and 10Y","No — pattern is mixed across timeframes (see row 7-8 by column)") -> Yes — High ESG leads on 1Y, 3Y, 5Y and 10Y

Sheet Sector_Analysis
A1: Sector-Wise Breakdown: Does the High vs Low ESG Pattern Hold?
A3: Industry | B3: #High ESG | C3: #Low ESG | D3: Avg ESG Score (sector) | E3: Avg 5Y CAGR - High ESG (%) | F3: Avg 5Y CAGR - Low ESG (%) | G3: Diff (High-Low) | H3: High ESG leads?
A4: Automobile | B4: =COUNTIFS(Raw_Data!$D$2:$D$101,$A4,Raw_Data!$R$2:$R$101,"High ESG") -> 5 | C4: =COUNTIFS(Raw_Data!$D$2:$D$101,$A4,Raw_Data!$R$2:$R$101,"Low ESG") -> 4 | D4: =AVERAGEIF(Raw_Data!$D$2:$D$101,$A4,Raw_Data!$F$2:$F$101) -> 63.222222 | E4: =IFERROR(AVERAGEIFS(Raw_Data!$N$2:$N$101,Raw_Data!$D$2:$D$101,$A4,Raw_Data!$R$2:$R$101,"High ESG"),"n/a") -> 16.4 | F4: =IFERROR(AVERAGEIFS(Raw_Data!$N$2:$N$101,Raw_Data!$D$2:$D$101,$A4,Raw_Data!$R$2:$R$101,"Low ESG"),"n/a") -> 8.75 | G4: =IFERROR(E4-F4,"n/a") -> 7.65 | H4: =IF(OR(B4=0,C4=0),"Insufficient data",IF(E4>F4,"Yes",IF(E4<F4,"No","Tie"))) -> Yes
A5: Banks | B5: =COUNTIFS(Raw_Data!$D$2:$D$101,$A5,Raw_Data!$R$2:$R$101,"High ESG") -> 5 | C5: =COUNTIFS(Raw_Data!$D$2:$D$101,$A5,Raw_Data!$R$2:$R$101,"Low ESG") -> 3 | D5: =AVERAGEIF(Raw_Data!$D$2:$D$101,$A5,Raw_Data!$F$2:$F$101) -> 59.5 | E5: =IFERROR(AVERAGEIFS(Raw_Data!$N$2:$N$101,Raw_Data!$D$2:$D$101,$A5,Raw_Data!$R$2:$R$101,"High ESG"),"n/a") -> 10.4 | F5: =IFERROR(AVERAGEIFS(Raw_Data!$N$2:$N$101,Raw_Data!$D$2:$D$101,$A5,Raw_Data!$R$2:$R$101,"Low ESG"),"n/a") -> -5.3333333 | G5: =IFERROR(E5-F5,"n/a") -> 15.733333 | H5: =IF(OR(B5=0,C5=0),"Insufficient data",IF(E5>F5,"Yes",IF(E5<F5,"No","Tie"))) -> Yes
A6: Cement | B6: =COUNTIFS(Raw_Data!$D$2:$D$101,$A6,Raw_Data!$R$2:$R$101,"High ESG") -> 2 | C6: =COUNTIFS(Raw_Data!$D$2:$D$101,$A6,Raw_Data!$R$2:$R$101,"Low ESG") -> 3 | D6: =AVERAGEIF(Raw_Data!$D$2:$D$101,$A6,Raw_Data!$F$2:$F$101) -> 60.4 | E6: =IFERROR(AVERAGEIFS(Raw_Data!$N$2:$N$101,Raw_Data!$D$2:$D$101,$A6,Raw_Data!$R$2:$R$101,"High ESG"),"n/a") -> 15.5 | F6: =IFERROR(AVERAGEIFS(Raw_Data!$N$2:$N$101,Raw_Data!$D$2:$D$101,$A6,Raw_Data!$R$2:$R$101,"Low ESG"),"n/a") -> 10.666667 | G6: =IFERROR(E6-F6,"n/a") -> 4.8333333 | H6: =IF(OR(B6=0,C6=0),"Insufficient data",IF(E6>F6,"Yes",IF(E6<F6,"No","Tie"))) -> Yes
A7: Chemicals | B7: =COUNTIFS(Raw_Data!$D$2:$D$101,$A7,Raw_Data!$R$2:$R$101,"High ESG") -> 0 | C7: =COUNTIFS(Raw_Data!$D$2:$D$101,$A7,Raw_Data!$R$2:$R$101,"Low ESG") -> 1 | D7: =AVERAGEIF(Raw_Data!$D$2:$D$101,$A7,Raw_Data!$F$2:$F$101) -> 62 | E7: =IFERROR(AVERAGEIFS(Raw_Data!$N$2:$N$101,Raw_Data!$D$2:$D$101,$A7,Raw_Data!$R$2:$R$101,"High ESG"),"n/a") -> n/a | F7: =IFERROR(AVERAGEIFS(Raw_Data!$N$2:$N$101,Raw_Data!$D$2:$D$101,$A7,Raw_Data!$R$2:$R$101,"Low ESG"),"n/a") -> 15 | G7: =IFERROR(E7-F7,"n/a") -> n/a | H7: =IF(OR(B7=0,C7=0),"Insufficient data",IF(E7>F7,"Yes",IF(E7<F7,"No","Tie"))) -> Insufficient data
A8: Construction | B8: =COUNTIFS(Raw_Data!$D$2:$D$101,$A8,Raw_Data!$R$2:$R$101,"High ESG") -> 1 | C8: =COUNTIFS(Raw_Data!$D$2:$D$101,$A8,Raw_Data!$R$2:$R$101,"Low ESG") -> 1 | D8: =AVERAGEIF(Raw_Data!$D$2:$D$101,$A8,Raw_Data!$F$2:$F$101) -> 60 | E8: =IFERROR(AVERAGEIFS(Raw_Data!$N$2:$N$101,Raw_Data!$D$2:$D$101,$A8,Raw_Data!$R$2:$R$101,"High ESG"),"n/a") -> 15 | F8: =IFERROR(AVERAGEIFS(Raw_Data!$N$2:$N$101,Raw_Data!$D$2:$D$101,$A8,Raw_Data!$R$2:$R$101,"Low ESG"),"n/a") -> 28 | G8: =IFERROR(E8-F8,"n/a") -> -13 | H8: =IF(OR(B8=0,C8=0),"Insufficient data",IF(E8>F8,"Yes",IF(E8<F8,"No","Tie"))) -> No
A9: Consumer Goods | B9: =COUNTIFS(Raw_Data!$D$2:$D$101,$A9,Raw_Data!$R$2:$R$101,"High ESG") -> 14 | C9: =COUNTIFS(Raw_Data!$D$2:$D$101,$A9,Raw_Data!$R$2:$R$101,"Low ESG") -> 9 | D9: =AVERAGEIF(Raw_Data!$D$2:$D$101,$A9,Raw_Data!$F$2:$F$101) -> 63.826087 | E9: =IFERROR(AVERAGEIFS(Raw_Data!$N$2:$N$101,Raw_Data!$D$2:$D$101,$A9,Raw_Data!$R$2:$R$101,"High ESG"),"n/a") -> 12.214286 | F9: =IFERROR(AVERAGEIFS(Raw_Data!$N$2:$N$101,Raw_Data!$D$2:$D$101,$A9,Raw_Data!$R$2:$R$101,"Low ESG"),"n/a") -> 11.444444 | G9: =IFERROR(E9-F9,"n/a") -> 0.76984127 | H9: =IF(OR(B9=0,C9=0),"Insufficient data",IF(E9>F9,"Yes",IF(E9<F9,"No","Tie"))) -> Yes
A10: Fertilisers & Pesticides | B10: =COUNTIFS(Raw_Data!$D$2:$D$101,$A10,Raw_Data!$R$2:$R$101,"High ESG") -> 0 | C10: =COUNTIFS(Raw_Data!$D$2:$D$101,$A10,Raw_Data!$R$2:$R$101,"Low ESG") -> 2 | D10: =AVERAGEIF(Raw_Data!$D$2:$D$101,$A10,Raw_Data!$F$2:$F$101) -> 59.5 | E10: =IFERROR(AVERAGEIFS(Raw_Data!$N$2:$N$101,Raw_Data!$D$2:$D$101,$A10,Raw_Data!$R$2:$R$101,"High ESG"),"n/a") -> n/a | F10: =IFERROR(AVERAGEIFS(Raw_Data!$N$2:$N$101,Raw_Data!$D$2:$D$101,$A10,Raw_Data!$R$2:$R$101,"Low ESG"),"n/a") -> 15 | G10: =IFERROR(E10-F10,"n/a") -> n/a | H10: =IF(OR(B10=0,C10=0),"Insufficient data",IF(E10>F10,"Yes",IF(E10<F10,"No","Tie"))) -> Insufficient data
A11: Finance: Non-Banking | B11: =COUNTIFS(Raw_Data!$D$2:$D$101,$A11,Raw_Data!$R$2:$R$101,"High ESG") -> 4 | C11: =COUNTIFS(Raw_Data!$D$2:$D$101,$A11,Raw_Data!$R$2:$R$101,"Low ESG") -> 5 | D11: =AVERAGEIF(Raw_Data!$D$2:$D$101,$A11,Raw_Data!$F$2:$F$101) -> 61.111111 | E11: =IFERROR(AVERAGEIFS(Raw_Data!$N$2:$N$101,Raw_Data!$D$2:$D$101,$A11,Raw_Data!$R$2:$R$101,"High ESG"),"n/a") -> 8.25 | F11: =IFERROR(AVERAGEIFS(Raw_Data!$N$2:$N$101,Raw_Data!$D$2:$D$101,$A11,Raw_Data!$R$2:$R$101,"Low ESG"),"n/a") -> 10.4 | G11: =IFERROR(E11-F11,"n/a") -> -2.15 | H11: =IF(OR(B11=0,C11=0),"Insufficient data",IF(E11>F11,"Yes",IF(E11<F11,"No","Tie"))) -> No
A12: IT | B12: =COUNTIFS(Raw_Data!$D$2:$D$101,$A12,Raw_Data!$R$2:$R$101,"High ESG") -> 7 | C12: =COUNTIFS(Raw_Data!$D$2:$D$101,$A12,Raw_Data!$R$2:$R$101,"Low ESG") -> 1 | D12: =AVERAGEIF(Raw_Data!$D$2:$D$101,$A12,Raw_Data!$F$2:$F$101) -> 72 | E12: =IFERROR(AVERAGEIFS(Raw_Data!$N$2:$N$101,Raw_Data!$D$2:$D$101,$A12,Raw_Data!$R$2:$R$101,"High ESG"),"n/a") -> 10.142857 | F12: =IFERROR(AVERAGEIFS(Raw_Data!$N$2:$N$101,Raw_Data!$D$2:$D$101,$A12,Raw_Data!$R$2:$R$101,"Low ESG"),"n/a") -> 19 | G12: =IFERROR(E12-F12,"n/a") -> -8.8571429 | H12: =IF(OR(B12=0,C12=0),"Insufficient data",IF(E12>F12,"Yes",IF(E12<F12,"No","Tie"))) -> No
A13: Industrial Manufacturing | B13: =COUNTIFS(Raw_Data!$D$2:$D$101,$A13,Raw_Data!$R$2:$R$101,"High ESG") -> 3 | C13: =COUNTIFS(Raw_Data!$D$2:$D$101,$A13,Raw_Data!$R$2:$R$101,"Low ESG") -> 0 | D13: =AVERAGEIF(Raw_Data!$D$2:$D$101,$A13,Raw_Data!$F$2:$F$101) -> 68.666667 | E13: =IFERROR(AVERAGEIFS(Raw_Data!$N$2:$N$101,Raw_Data!$D$2:$D$101,$A13,Raw_Data!$R$2:$R$101,"High ESG"),"n/a") -> 23.666667 | F13: =IFERROR(AVERAGEIFS(Raw_Data!$N$2:$N$101,Raw_Data!$D$2:$D$101,$A13,Raw_Data!$R$2:$R$101,"Low ESG"),"n/a") -> n/a | G13: =IFERROR(E13-F13,"n/a") -> n/a | H13: =IF(OR(B13=0,C13=0),"Insufficient data",IF(E13>F13,"Yes",IF(E13<F13,"No","Tie"))) -> Insufficient data
A14: Metals & Mining | B14: =COUNTIFS(Raw_Data!$D$2:$D$101,$A14,Raw_Data!$R$2:$R$101,"High ESG") -> 4 | C14: =COUNTIFS(Raw_Data!$D$2:$D$101,$A14,Raw_Data!$R$2:$R$101,"Low ESG") -> 2 | D14: =AVERAGEIF(Raw_Data!$D$2:$D$101,$A14,Raw_Data!$F$2:$F$101) -> 63.333333 | E14: =IFERROR(AVERAGEIFS(Raw_Data!$N$2:$N$101,Raw_Data!$D$2:$D$101,$A14,Raw_Data!$R$2:$R$101,"High ESG"),"n/a") -> 15.25 | F14: =IFERROR(AVERAGEIFS(Raw_Data!$N$2:$N$101,Raw_Data!$D$2:$D$101,$A14,Raw_Data!$R$2:$R$101,"Low ESG"),"n/a") -> 11.5 | G14: =IFERROR(E14-F14,"n/a") -> 3.75 | H14: =IF(OR(B14=0,C14=0),"Insufficient data",IF(E14>F14,"Yes",IF(E14<F14,"No","Tie"))) -> Yes
A15: Oil & Gas | B15: =COUNTIFS(Raw_Data!$D$2:$D$101,$A15,Raw_Data!$R$2:$R$101,"High ESG") -> 0 | C15: =COUNTIFS(Raw_Data!$D$2:$D$101,$A15,Raw_Data!$R$2:$R$101,"Low ESG") -> 2 | D15: =AVERAGEIF(Raw_Data!$D$2:$D$101,$A15,Raw_Data!$F$2:$F$101) -> 55.5 | E15: =IFERROR(AVERAGEIFS(Raw_Data!$N$2:$N$101,Raw_Data!$D$2:$D$101,$A15,Raw_Data!$R$2:$R$101,"High ESG"),"n/a") -> n/a | F15: =IFERROR(AVERAGEIFS(Raw_Data!$N$2:$N$101,Raw_Data!$D$2:$D$101,$A15,Raw_Data!$R$2:$R$101,"Low ESG"),"n/a") -> 7 | G15: =IFERROR(E15-F15,"n/a") -> n/a | H15: =IF(OR(B15=0,C15=0),"Insufficient data",IF(E15>F15,"Yes",IF(E15<F15,"No","Tie"))) -> Insufficient data
... A20: Textiles | B20: =COUNTIFS(Raw_Data!$D$2:$D$101,$A20,Raw_Data!$R$2:$R$101,"High ESG") -> 0 | C20: =COUNTIFS(Raw_Data!$D$2:$D$101,$A20,Raw_Data!$R$2:$R$101,"Low ESG") -> 1 | D20: =AVERAGEIF(Raw_Data!$D$2:$D$101,$A20,Raw_Data!$F$2:$F$101) -> 52 | E20: =IFERROR(AVERAGEIFS(Raw_Data!$N$2:$N$101,Raw_Data!$D$2:$D$101,$A20,Raw_Data!$R$2:$R$101,"High ESG"),"n/a") -> n/a | F20: =IFERROR(AVERAGEIFS(Raw_Data!$N$2:$N$101,Raw_Data!$D$2:$D$101,$A20,Raw_Data!$R$2:$R$101,"Low ESG"),"n/a") -> 12 | G20: =IFERROR(E20-F20,"n/a") -> n/a | H20: =IF(OR(B20=0,C20=0),"Insufficient data",IF(E20>F20,"Yes",IF(E20<F20,"No","Tie"))) -> Insufficient data
A22: Sectors where High ESG leads on 5Y CAGR | B22: =COUNTIF(H4:H20,"Yes") -> 7
A23: Sectors where Low ESG leads on 5Y CAGR | B23: =COUNTIF(H4:H20,"No") -> 4
A24: Sectors with insufficient data (only High or only Low present) | B24: =COUNTIF(H4:H20,"Insufficient data") -> 6

Sheet Correlation
A1: Bonus: Correlation Between ESG Score and Stock Return
A3: Return Metric | B3: Correlation with ESG Score (r) | C3: Interpretation
A4: 1Y CAGR | B4: =CORREL(Raw_Data!$F$2:$F$101,Raw_Data!$L$2:$L$101) -> 0.0058234431 | C4: =IF(ABS(B4)<0.1,"Negligible",IF(ABS(B4)<0.3,"Weak",IF(ABS(B4)<0.5,"Moderate","Strong")))&" "&IF(B4>=0,"positive","negative")&" relationship" -> Negligible positive relationship
A5: 3Y CAGR | B5: =CORREL(Raw_Data!$F$2:$F$101,Raw_Data!$M$2:$M$101) -> 0.15381804 | C5: =IF(ABS(B5)<0.1,"Negligible",IF(ABS(B5)<0.3,"Weak",IF(ABS(B5)<0.5,"Moderate","Strong")))&" "&IF(B5>=0,"positive","negative")&" relationship" -> Weak positive relationship
A6: 5Y CAGR (primary) | B6: =CORREL(Raw_Data!$F$2:$F$101,Raw_Data!$N$2:$N$101) -> 0.1789865 | C6: =IF(ABS(B6)<0.1,"Negligible",IF(ABS(B6)<0.3,"Weak",IF(ABS(B6)<0.5,"Moderate","Strong")))&" "&IF(B6>=0,"positive","negative")&" relationship" -> Weak positive relationship
A7: 10Y CAGR | B7: =CORREL(Raw_Data!$F$2:$F$101,Raw_Data!$O$2:$O$101) -> 0.13196387 | C7: =IF(ABS(B7)<0.1,"Negligible",IF(ABS(B7)<0.3,"Weak",IF(ABS(B7)<0.5,"Moderate","Strong")))&" "&IF(B7>=0,"positive","negative")&" relationship" -> Weak positive relationship
A9: Note (Python cross-check, scipy.stats.pearsonr)
A10: r = 0.179, p = 0.075 for ESG Score vs 5Y CAGR (n=100) — weak positive correlation, not statistically significant at the 5% level.
A11: Reading this: ESG score explains very little of the variation in stock returns in this sample. High-ESG companies edge out Low-ESG companies on average, but ESG score alone is a weak predictor of returns — other drivers (sector, valuation, market cap) likely matter more.
